{"cameraMode":{"drawMode":0,"name":"Shaded","section":"Shading Mode"},"sceneLighting":false,"audioPlay":false,"sceneViewState":{"showFog":true,"showMaterialUpdate":false,"showSkybox":false,"showFlares":true,"showImageEffects":true,"showParticleSystems":true},"in2DMode":false,"pivot":{"x":-0.00020599365234375,"y":12.745059967041016,"z":4.536620140075684},"rotation":{"x":0.17442040145397187,"y":-0.6251405477523804,"z":0.14564713835716248,"w":0.7468541860580444},"size":61.110862731933597,"orthographic":false}