{"cameraMode":{"drawMode":0,"name":"Shaded","section":"Shading Mode"},"sceneLighting":false,"audioPlay":false,"sceneViewState":{"showFog":true,"showMaterialUpdate":false,"showSkybox":false,"showFlares":true,"showImageEffects":true,"showParticleSystems":true},"in2DMode":false,"pivot":{"x":-1.0774067640304566,"y":0.9841197729110718,"z":-0.016537904739379884},"rotation":{"x":-0.16821886599063874,"y":0.5125994682312012,"z":-0.10313549637794495,"w":-0.8357192873954773},"size":2.293375253677368,"orthographic":false}